-- =====================================================
-- SEED ДАННЫЕ ДЛЯ BAZAR BUGALTER
-- Выполните ПОСЛЕ миграций в Supabase SQL Editor
-- =====================================================

-- ============================================
-- ТОРГОВЫЕ МЕСТА (10 штук)
-- ============================================
INSERT INTO market_spaces (id, code, sector, row_number, place_number, area_sqm, space_type, business_type, status) VALUES
  ('11111111-1111-1111-1111-111111111111', 'A-001', 'A', '1', '001', 15.0, 'kiosk', 'Продукты', 'occupied'),
  ('22222222-2222-2222-2222-222222222222', 'A-002', 'A', '1', '002', 20.0, 'kiosk', 'Одежда', 'occupied'),
  ('33333333-3333-3333-3333-333333333333', 'A-003', 'A', '1', '003', 12.0, 'kiosk', 'Электроника', 'occupied'),
  ('44444444-4444-4444-4444-444444444444', 'B-001', 'B', '2', '001', 30.0, 'pavilion', 'Обувь', 'occupied'),
  ('55555555-5555-5555-5555-555555555555', 'B-002', 'B', '2', '002', 25.0, 'pavilion', 'Сумки', 'occupied'),
  ('66666666-6666-6666-6666-666666666666', 'C-001', 'C', '3', '001', 10.0, 'open_space', 'Овощи', 'vacant'),
  ('77777777-7777-7777-7777-777777777777', 'C-002', 'C', '3', '002', 8.0, 'open_space', 'Фрукты', 'vacant'),
  ('88888888-8888-8888-8888-888888888888', 'D-001', 'D', '4', '001', 40.0, 'container', 'Стройматериалы', 'maintenance'),
  ('99999999-9999-9999-9999-999999999999', 'D-002', 'D', '4', '002', 35.0, 'container', 'Инструменты', 'vacant'),
  ('aaaaaaaa-aaaa-aaaa-aaaa-aaaaaaaaaaaa', 'E-001', 'E', '5', '001', 18.0, 'kiosk', 'Косметика', 'vacant')
ON CONFLICT (code) DO NOTHING;

-- ============================================
-- АРЕНДАТОРЫ (5 штук)
-- ============================================
INSERT INTO tenants (id, full_name, inn_idn, company_name, phone, whatsapp, telegram, email, notes) VALUES
  ('a0000001-0001-0001-0001-000000000001', 'Асанов Бакыт Маратович', '123456789012', 'ИП Асанов', '+996 555 123 456', '+996 555 123 456', '@asanov_bazar', 'asanov@mail.kg', 'Надёжный арендатор'),
  ('a0000002-0002-0002-0002-000000000002', 'Жумабаева Айгуль Токтогуловна', '234567890123', 'Айгуль Fashion', '+996 770 234 567', NULL, '@aigul_fashion', 'aigul@fashion.kg', 'Магазин одежды'),
  ('a0000003-0003-0003-0003-000000000003', 'Сыдыков Эмир Кубанычбекович', '345678901234', 'TechPoint', '+996 550 345 678', '+996 550 345 678', '@techpoint_kg', 'emir@techpoint.kg', 'Электроника и аксессуары'),
  ('a0000004-0004-0004-0004-000000000004', 'Токтоева Назира Жаныбековна', '456789012345', 'Обувной мир', '+996 700 456 789', NULL, NULL, 'nazira@shoes.kg', 'Оптовая торговля'),
  ('a0000005-0005-0005-0005-000000000005', 'Байжигитов Алмаз Нуржанович', '567890123456', 'БайАл Трейд', '+996 555 567 890', '+996 555 567 890', '@baial_trade', 'almaz@baial.kg', 'Кожгалантерея')
ON CONFLICT (id) DO NOTHING;

-- ============================================
-- ДОГОВОРЫ АРЕНДЫ (5 штук - активные)
-- ============================================
INSERT INTO lease_contracts (id, tenant_id, space_id, start_date, end_date, rate_per_sqm, monthly_rent, deposit_amount, payment_day, status, notes) VALUES
  ('b0000001-0001-0001-0001-000000000001', 'a0000001-0001-0001-0001-000000000001', '11111111-1111-1111-1111-111111111111', '2024-01-01', '2025-12-31', 3333.33, 50000, 100000, 5, 'active', 'Договор на 2 года'),
  ('b0000002-0002-0002-0002-000000000002', 'a0000002-0002-0002-0002-000000000002', '22222222-2222-2222-2222-222222222222', '2024-03-01', '2025-02-28', 3250.00, 65000, 130000, 1, 'active', 'Ежегодное продление'),
  ('b0000003-0003-0003-0003-000000000003', 'a0000003-0003-0003-0003-000000000003', '33333333-3333-3333-3333-333333333333', '2024-06-01', '2025-05-31', 3750.00, 45000, 90000, 10, 'active', 'Новый арендатор'),
  ('b0000004-0004-0004-0004-000000000004', 'a0000004-0004-0004-0004-000000000004', '44444444-4444-4444-4444-444444444444', '2024-02-01', '2026-01-31', 3000.00, 90000, 180000, 15, 'active', 'Долгосрочный договор'),
  ('b0000005-0005-0005-0005-000000000005', 'a0000005-0005-0005-0005-000000000005', '55555555-5555-5555-5555-555555555555', '2024-09-01', '2025-08-31', 3000.00, 75000, 150000, 1, 'active', 'Стандартные условия')
ON CONFLICT (id) DO NOTHING;

-- ============================================
-- ПЛАТЕЖИ (15 штук - разные статусы)
-- ============================================
INSERT INTO payments (id, contract_id, tenant_id, period_month, charged_amount, paid_amount, status, payment_date, payment_method, notes) VALUES
  -- Арендатор 1 - все оплачено
  ('c0000001-0001-0001-0001-000000000001', 'b0000001-0001-0001-0001-000000000001', 'a0000001-0001-0001-0001-000000000001', '2025-01-01', 50000, 50000, 'paid', '2025-01-03', 'cash', 'Оплата за январь'),
  ('c0000001-0001-0001-0001-000000000002', 'b0000001-0001-0001-0001-000000000001', 'a0000001-0001-0001-0001-000000000001', '2025-02-01', 50000, 50000, 'paid', '2025-02-04', 'bank_transfer', 'Оплата за февраль'),
  ('c0000001-0001-0001-0001-000000000003', 'b0000001-0001-0001-0001-000000000001', 'a0000001-0001-0001-0001-000000000001', '2025-03-01', 50000, 0, 'pending', NULL, NULL, 'Ожидает оплаты'),
  
  -- Арендатор 2 - есть просрочка
  ('c0000002-0002-0002-0002-000000000001', 'b0000002-0002-0002-0002-000000000002', 'a0000002-0002-0002-0002-000000000002', '2025-01-01', 65000, 65000, 'paid', '2025-01-01', 'card', 'Оплата вовремя'),
  ('c0000002-0002-0002-0002-000000000002', 'b0000002-0002-0002-0002-000000000002', 'a0000002-0002-0002-0002-000000000002', '2025-02-01', 65000, 30000, 'partial', '2025-02-10', 'cash', 'Частичная оплата'),
  ('c0000002-0002-0002-0002-000000000003', 'b0000002-0002-0002-0002-000000000002', 'a0000002-0002-0002-0002-000000000002', '2025-03-01', 65000, 0, 'overdue', NULL, NULL, 'ПРОСРОЧЕНО!'),
  
  -- Арендатор 3 - новый
  ('c0000003-0003-0003-0003-000000000001', 'b0000003-0003-0003-0003-000000000003', 'a0000003-0003-0003-0003-000000000003', '2025-01-01', 45000, 45000, 'paid', '2025-01-08', 'bank_transfer', 'Первый платеж'),
  ('c0000003-0003-0003-0003-000000000002', 'b0000003-0003-0003-0003-000000000003', 'a0000003-0003-0003-0003-000000000003', '2025-02-01', 45000, 45000, 'paid', '2025-02-09', 'cash', NULL),
  ('c0000003-0003-0003-0003-000000000003', 'b0000003-0003-0003-0003-000000000003', 'a0000003-0003-0003-0003-000000000003', '2025-03-01', 45000, 0, 'pending', NULL, NULL, NULL),
  
  -- Арендатор 4 - крупный, всё ок
  ('c0000004-0004-0004-0004-000000000001', 'b0000004-0004-0004-0004-000000000004', 'a0000004-0004-0004-0004-000000000004', '2025-01-01', 90000, 90000, 'paid', '2025-01-14', 'bank_transfer', 'Надёжный клиент'),
  ('c0000004-0004-0004-0004-000000000002', 'b0000004-0004-0004-0004-000000000004', 'a0000004-0004-0004-0004-000000000004', '2025-02-01', 90000, 90000, 'paid', '2025-02-15', 'bank_transfer', NULL),
  ('c0000004-0004-0004-0004-000000000003', 'b0000004-0004-0004-0004-000000000004', 'a0000004-0004-0004-0004-000000000004', '2025-03-01', 90000, 0, 'pending', NULL, NULL, NULL),
  
  -- Арендатор 5 - есть долг
  ('c0000005-0005-0005-0005-000000000001', 'b0000005-0005-0005-0005-000000000005', 'a0000005-0005-0005-0005-000000000005', '2025-01-01', 75000, 75000, 'paid', '2025-01-02', 'cash', NULL),
  ('c0000005-0005-0005-0005-000000000002', 'b0000005-0005-0005-0005-000000000005', 'a0000005-0005-0005-0005-000000000005', '2025-02-01', 75000, 0, 'overdue', NULL, NULL, 'Должник'),
  ('c0000005-0005-0005-0005-000000000003', 'b0000005-0005-0005-0005-000000000005', 'a0000005-0005-0005-0005-000000000005', '2025-03-01', 75000, 0, 'pending', NULL, NULL, NULL)
ON CONFLICT (id) DO NOTHING;

-- =====================================================
-- SEED ДАННЫЕ УСПЕШНО ДОБАВЛЕНЫ!
-- Итого: 10 мест, 5 арендаторов, 5 договоров, 15 платежей
-- =====================================================
